name,schedulable,time
NXT Motion_4_5_250,False,1.9596831798553467
NXT Motion_5_2_200,False,2.3557610511779785
