name,schedulable,time
NXT Motion_17_5_215,False,1.7589383125305176
NXT Motion_17_5_220,False,1.8966896533966064
