name,schedulable,time
NXT Motion_11_4_235,False,1.9722633361816406
NXT Motion_11_4_240,False,2.122042655944824
